<?xml version="1.0" encoding="UTF-8"?>
<!-- Colorbox Settings. Thanks to jurialmunkey for allowing me to adapt his code -->
<window type="dialog" id="1132">
    <onload>SetProperty(Fanart,$INFO[Window(Home).Property(LatestMovie.1.Fanart)])</onload>
    <defaultcontrol always="true">9000</defaultcontrol>
    <include>DialogOpenClose</include>
    <controls>
        <control type="multiimage" id="7975">
            <left>-2160</left>
            <width>1</width>
            <height>1</height>
            <timeperimage>10000</timeperimage>
            <randomize>true</randomize>
            <fadetime>600</fadetime>
            <imagepath background="true" fallback="special://skin/fanart.jpg">$INFO[Window.Property(Fanart)]</imagepath>
        </control>
        <control type="group" description="All dialog content">
			<animation type="WindowOpen">
				<effect type="zoom" start="95" end="100" center="960,540" time="200" />
				<effect type="fade" start="80" end="100" time="200" />
			</animation>
			<animation type="WindowClose">
				<effect type="zoom" start="100" end="95" center="960,540" time="100" />
				<effect type="fade" start="100" end="0" time="100" />
			</animation>
            <control type="group">
			    <control type="image" description="Menu BG">
    				<posx>70</posx>
				    <posy>200</posy>
				    <height>736</height>
				    <width>1800</width>
				    <texture border="40">dialogs/TinyDialog.png</texture>
			    </control>
			    <control type="label" description="Dialog heading">
				    <posx>64</posx>
				    <posy>220</posy>
				    <width>1800</width>
				    <height>52</height>
				    <label>$LOCALIZE[32157]</label>
				    <align>center</align>
				    <aligny>center</aligny>
				    <textcolor>Highlight</textcolor>
			    </control>
            </control>

            <!-- Filter Image -->
            <control type="group">
                <visible>!String.IsEqual(Window(home).Property(Daemon_FIVE_ImageUpdating),0)</visible>
                <posx>140</posx>
                <width>1060</width>
                <posy>300</posy>
                <height>596</height>
                <control type="image">
                    <texture background="true">$INFO[Window(home).Property(ImageFilterFIVE)]</texture>
                </control>
            </control>

            <!-- Filter Image Updating -->
            <control type="group">
                <visible>String.IsEqual(Window(home).Property(Daemon_FIVE_ImageUpdating),0)</visible>
                <posx>140</posx>
                <width>1060</width>
                <posy>300</posy>
                <height>596</height>
                <control type="image">
                    <texture background="true" colordiffuse="ff333333" fallback="special://skin/fanart.jpg">$INFO[Window.Property(Fanart)]</texture>
                </control>
                <include>InfoLoading</include>
            </control>

            <control type="grouplist" id="9000">
                <description>Control Area</description>
                <posx>1210</posx>
                <width>590</width>
                <posy>300</posy>
                <height>596</height>
                <itemgap>10</itemgap>
                <orientation>vertical</orientation>
                <pagecontrol>60</pagecontrol>
                <usecontrolcoords>true</usecontrolcoords>
                <control type="button" id="9001">
                    <label>$LOCALIZE[32158]</label>
                    <label2>$INFO[Skin.String(colorbox_effect)]</label2>
                    <onclick condition="!String.IsEqual(Skin.String(colorbox_blend),100)">Skin.SetString(colorbox_blend,100)</onclick>
                    <onclick condition="String.IsEmpty(Skin.String(colorbox_effect))">Skin.SetString(colorbox_effect,blur)</onclick>
                    <onclick condition="String.IsEqual(Skin.String(colorbox_effect),blur)">Skin.SetString(colorbox_quality,1)</onclick>
                    <onclick condition="String.IsEqual(Skin.String(colorbox_effect),blur)">Skin.SetString(colorbox_effect,pixelate)</onclick>
                    <onclick condition="String.IsEqual(Skin.String(colorbox_effect),pixelate)">Skin.SetString(colorbox_quality,1)</onclick>
                    <onclick condition="String.IsEqual(Skin.String(colorbox_effect),pixelate)">Skin.SetString(colorbox_effect,desaturate)</onclick>
                    <onclick condition="String.IsEqual(Skin.String(colorbox_effect),desaturate)">Skin.SetString(colorbox_quality,4)</onclick>
                    <onclick condition="String.IsEqual(Skin.String(colorbox_effect),desaturate)">Skin.SetString(colorbox_effect,pixeledges)</onclick>
                    <onclick condition="String.IsEqual(Skin.String(colorbox_effect),pixeledges)">Skin.SetString(colorbox_quality,1)</onclick>
                    <onclick condition="String.IsEqual(Skin.String(colorbox_effect),pixeledges)">Skin.SetString(colorbox_effect,twotone)</onclick>
                    <onclick condition="String.IsEqual(Skin.String(colorbox_effect),twotone)">Skin.SetString(colorbox_quality,4)</onclick>
                    <onclick condition="String.IsEqual(Skin.String(colorbox_effect),twotone)">Skin.SetString(colorbox_effect,halftone)</onclick>
                    <onclick condition="String.IsEqual(Skin.String(colorbox_effect),halftone)">Skin.SetString(colorbox_quality,4)</onclick>
                    <onclick condition="String.IsEqual(Skin.String(colorbox_effect),halftone)">Skin.SetString(colorbox_effect,dither)</onclick>
                    <onclick condition="String.IsEqual(Skin.String(colorbox_effect),dither)">Skin.SetString(colorbox_quality,1)</onclick>
                    <onclick condition="String.IsEqual(Skin.String(colorbox_effect),dither)">Skin.SetString(colorbox_effect,posterize)</onclick>
                    <onclick condition="String.IsEqual(Skin.String(colorbox_effect),posterize)">Skin.SetString(colorbox_quality,4)</onclick>
                    <onclick condition="String.IsEqual(Skin.String(colorbox_effect),posterize)">Skin.SetString(colorbox_effect,distort)</onclick>
                    <onclick condition="String.IsEqual(Skin.String(colorbox_effect),distort)">Skin.SetString(colorbox_quality,1)</onclick>
                    <onclick condition="String.IsEqual(Skin.String(colorbox_effect),distort)">Skin.SetString(colorbox_effect,dataglitch)</onclick>
                    <onclick condition="String.IsEqual(Skin.String(colorbox_effect),dataglitch)">Skin.SetString(colorbox_quality,4)</onclick>
                    <onclick condition="String.IsEqual(Skin.String(colorbox_effect),dataglitch)">Skin.SetString(colorbox_effect,blur)</onclick>

                    <onclick>Skin.SetString(colorbox_blend,100)</onclick>
                    <onclick>Skin.SetString(colorbox_blursize,10)</onclick>
                    <onclick>Skin.SetString(colorbox_bitsize,1)</onclick>
                    <onclick>Skin.SetString(colorbox_pixelsize,12)</onclick>

                    <onclick>SetProperty(FIVE_daemon_set,$INFO[Skin.String(colorbox_effect)],home)</onclick>
                    <include>OnClickUpdateColorbox</include>
                    <width>590</width>
                </control>

                <control type="button" id="9003">
                    <label>$LOCALIZE[32159]</label>
                    <label2>$INFO[Skin.String(colorbox_blursize)]</label2>
                    <onclick>Skin.SetNumeric(colorbox_blursize)</onclick>
                    <include>OnClickUpdateColorbox</include>
                    <width>590</width>
                    <visible>String.IsEqual(Skin.String(colorbox_effect),blur)</visible>
                </control>

                <control type="button" id="9004">
                    <label>$LOCALIZE[32160]</label>
                    <label2>$INFO[Skin.String(colorbox_pixelsize)]</label2>
                    <onclick>Skin.SetNumeric(colorbox_pixelsize)</onclick>
                    <include>OnClickUpdateColorbox</include>
                    <width>590</width>
                    <visible>String.IsEqual(Skin.String(colorbox_effect),pixelate)</visible>
                </control>

                <control type="button" id="9005">
                    <label>$LOCALIZE[32161]</label>
                    <label2>$INFO[Skin.String(colorbox_bitsize)]</label2>
                    <onclick condition="Integer.IsGreater(Skin.String(colorbox_bitsize),3)">Skin.SetString(colorbox_bitsize,1)</onclick>
                    <onclick condition="Integer.IsEqual(Skin.String(colorbox_bitsize),1)">Skin.SetString(colorbox_bitsize,2)</onclick>
                    <onclick condition="Integer.IsEqual(Skin.String(colorbox_bitsize),2)">Skin.SetString(colorbox_bitsize,3)</onclick>
                    <onclick condition="Integer.IsEqual(Skin.String(colorbox_bitsize),3)">Skin.SetString(colorbox_bitsize,4)</onclick>
                    <include>OnClickUpdateColorbox</include>
                    <width>590</width>
                    <visible>String.IsEqual(Skin.String(colorbox_effect),posterize)</visible>
                </control>

                <control type="button" id="9097">
                    <label>$LOCALIZE[622]</label>
                    <label2>$INFO[Skin.String(colorbox_quality)]</label2>
                    <onclick condition="Integer.IsGreater(Skin.String(colorbox_quality),7)">Skin.SetString(colorbox_quality,1)</onclick>
                    <onclick condition="Integer.IsEqual(Skin.String(colorbox_quality),1)">Skin.SetString(colorbox_quality,2)</onclick>
                    <onclick condition="Integer.IsEqual(Skin.String(colorbox_quality),2)">Skin.SetString(colorbox_quality,3)</onclick>
                    <onclick condition="Integer.IsEqual(Skin.String(colorbox_quality),3)">Skin.SetString(colorbox_quality,4)</onclick>
                    <onclick condition="Integer.IsEqual(Skin.String(colorbox_quality),4)">Skin.SetString(colorbox_quality,5)</onclick>
                    <onclick condition="Integer.IsEqual(Skin.String(colorbox_quality),5)">Skin.SetString(colorbox_quality,6)</onclick>
                    <onclick condition="Integer.IsEqual(Skin.String(colorbox_quality),6)">Skin.SetString(colorbox_quality,7)</onclick>
                    <onclick condition="Integer.IsEqual(Skin.String(colorbox_quality),7)">Skin.SetString(colorbox_quality,8)</onclick>
                    <include>OnClickUpdateColorbox</include>
                    <width>590</width>
                </control>

                <control type="button" id="9098">
                    <label>$LOCALIZE[20131] (0-100%)</label>
                    <label2>$INFO[Skin.String(colorbox_blend)]</label2>
                    <onclick>Skin.SetNumeric(colorbox_blend)</onclick>
                    <include>OnClickUpdateColorbox</include>
                    <width>590</width>
                </control>

                <control type="group" id="9099">
                    <height>66</height>
                    <width>590</width>
                    <control type="button" id="9199">
                        <onup>9098</onup>
                        <ondown>9001</ondown>
                        <onright>9299</onright>
                        <width>245</width>
                        <align>center</align>
                        <label>$LOCALIZE[409]</label>
                        <onclick>Skin.SetString(colorbox_effect,blur)</onclick>
                        <onclick>Skin.SetString(colorbox_quality,4)</onclick>
                        <onclick>Skin.SetString(colorbox_blend,100)</onclick>
                        <onclick>Skin.SetString(colorbox_blursize,10)</onclick>
                        <onclick>Skin.SetString(colorbox_bitsize,1)</onclick>
                        <onclick>Skin.SetString(colorbox_pixelsize,12)</onclick>
                        <onclick>SetProperty(FIVE_daemon_set,$INFO[Skin.String(colorbox_effect)],home)</onclick>
                        <include>OnClickUpdateColorbox</include>
                    </control>

                    <control type="button" id="9299">
                        <onup>9098</onup>
                        <ondown>9001</ondown>
                        <onleft>9199</onleft>
                        <right>0</right>
                        <width>335</width>
                        <align>center</align>
                        <label>$LOCALIZE[32162]</label>
                        <onclick condition="String.IsEqual(Window.Property(Fanart),Window(Home).Property(LatestMovie.1.Fanart))">SetProperty(Fanart,$INFO[Window(Home).Property(LatestMovie.2.Fanart)])</onclick>
                        <onclick condition="String.IsEqual(Window.Property(Fanart),Window(Home).Property(LatestMovie.2.Fanart))">SetProperty(Fanart,$INFO[Window(Home).Property(LatestMovie.3.Fanart)])</onclick>
                        <onclick condition="String.IsEqual(Window.Property(Fanart),Window(Home).Property(LatestMovie.3.Fanart))">SetProperty(Fanart,$INFO[Window(Home).Property(LatestMovie.4.Fanart)])</onclick>
                        <onclick condition="String.IsEqual(Window.Property(Fanart),Window(Home).Property(LatestMovie.4.Fanart))">SetProperty(Fanart,$INFO[Window(Home).Property(LatestMovie.1.Fanart)])</onclick>
                    </control>
                </control>
            </control>

            <control type="grouplist">
                <description>Control Area</description>
                <posx>1210</posx>
                <width>590</width>
                <posy>680</posy>
                <height>220</height>
                <itemgap>10</itemgap>
                <orientation>vertical</orientation>
                <pagecontrol>60</pagecontrol>
                <onleft>9000</onleft>
                <onright>9000</onright>
                <onup>9000</onup>
                <ondown>9000</ondown>
                <align>bottom</align>
                <usecontrolcoords>true</usecontrolcoords>
                <control type="textbox">
                    <left>10</left>
                    <right>10</right>
                    <height>auto</height>
                    <font>font12</font>
                    <label>[B]$LOCALIZE[32163][/B][CR]$LOCALIZE[32164]</label>
                </control>
            </control>
        </control>
    </controls>
</window>