<?xml version="1.0" encoding="UTF-8"?>
    <addon id="repository.Atrion18" name="[COLOR darkgreen]Atrion's Repo for Kodi 18.x[/COLOR]" version="0.7.5" provider-name="Atrion Darnay">
        <requires>
            <import addon="xbmc.addon" version="12.0.0"/>
        </requires>
        <extension point="xbmc.addon.repository" name="Atrions Repo">
            <info compressed="false">http://macarthurhouse.ddns.net/Kodi_18_Repo/_repo/addons.xml</info>
            <checksum>http://macarthurhouse.ddns.net/Kodi_18_Repo/_repo/addons.xml.md5</checksum>
            <datadir zip="true">http://macarthurhouse.ddns.net/Kodi_18_Repo/_repo/</datadir>
            <hashes>false</hashes>
        </extension>
        <extension point="xbmc.addon.metadata">
            <summary>Atrion's Repo for Kodi 18.x</summary>
            <description>Atrion's Repo for Kodi 18.x</description>
            <platform>all</platform>
    </extension>
</addon>